experiment,arrival,request_rate,max_concurrency,variant,metric,unit,runs,mean,stddev,ratio_to_baseline
chunked-closed-loop,closed-loop,,16,baseline,metrics.throughput.requests_per_second,req/s,3,1.6,0.0,1.0
chunked-closed-loop,closed-loop,,16,chunked,metrics.throughput.requests_per_second,req/s,3,1.6722222222222223,0.05357583756107204,1.0451388888888888
chunked-closed-loop,closed-loop,,4,baseline,metrics.throughput.requests_per_second,req/s,3,0.6,0.0,1.0
chunked-closed-loop,closed-loop,,4,chunked,metrics.throughput.requests_per_second,req/s,3,0.6,0.0,1.0
chunked-closed-loop,closed-loop,,8,baseline,metrics.throughput.requests_per_second,req/s,3,1.0222222222222221,0.07698003589195009,1.0
chunked-closed-loop,closed-loop,,8,chunked,metrics.throughput.requests_per_second,req/s,3,1.0611111111111111,0.00962250448649373,1.0380434782608696
eagle-closed-loop,closed-loop,,1,baseline,metrics.throughput.requests_per_second,req/s,3,0.09444444444444444,0.00962250448649377,1.0
eagle-closed-loop,closed-loop,,1,eagle,metrics.throughput.requests_per_second,req/s,3,0.1611111111111111,0.00962250448649376,1.7058823529411764
eagle-closed-loop,closed-loop,,4,baseline,metrics.throughput.requests_per_second,req/s,3,0.3333333333333333,0.0,1.0
eagle-closed-loop,closed-loop,,4,eagle,metrics.throughput.requests_per_second,req/s,3,0.6055555555555555,0.025458753860865747,1.8166666666666667
eagle-closed-loop,closed-loop,,8,baseline,metrics.throughput.requests_per_second,req/s,3,0.6666666666666666,0.0,1.0
eagle-closed-loop,closed-loop,,8,eagle,metrics.throughput.requests_per_second,req/s,3,1.0222222222222221,0.05853140973807073,1.5333333333333332
chunked-closed-loop,closed-loop,,16,baseline,metrics.throughput.input_tokens_per_second,tok/s,3,1483.3777777777777,38.18209780240731,1.0
chunked-closed-loop,closed-loop,,16,chunked,metrics.throughput.input_tokens_per_second,tok/s,3,1514.6666666666665,42.826367786420775,1.0210930009587726
chunked-closed-loop,closed-loop,,4,baseline,metrics.throughput.input_tokens_per_second,tok/s,3,561.7777777777778,137.66751143136025,1.0
chunked-closed-loop,closed-loop,,4,chunked,metrics.throughput.input_tokens_per_second,tok/s,3,561.7777777777778,137.66751143136025,1.0
chunked-closed-loop,closed-loop,,8,baseline,metrics.throughput.input_tokens_per_second,tok/s,3,990.5777777777778,74.8290298193402,1.0
chunked-closed-loop,closed-loop,,8,chunked,metrics.throughput.input_tokens_per_second,tok/s,3,1039.6444444444444,37.58139807779221,1.0495333811916725
eagle-closed-loop,closed-loop,,1,baseline,metrics.throughput.input_tokens_per_second,tok/s,3,24.177777777777777,2.463361148542405,1.0
eagle-closed-loop,closed-loop,,1,eagle,metrics.throughput.input_tokens_per_second,tok/s,3,41.24444444444444,2.4633611485424027,1.7058823529411764
eagle-closed-loop,closed-loop,,4,baseline,metrics.throughput.input_tokens_per_second,tok/s,3,85.33333333333333,0.0,1.0
eagle-closed-loop,closed-loop,,4,eagle,metrics.throughput.input_tokens_per_second,tok/s,3,155.0222222222222,6.517440988381631,1.8166666666666667
eagle-closed-loop,closed-loop,,8,baseline,metrics.throughput.input_tokens_per_second,tok/s,3,170.66666666666666,0.0,1.0
eagle-closed-loop,closed-loop,,8,eagle,metrics.throughput.input_tokens_per_second,tok/s,3,261.68888888888887,14.984040892946107,1.5333333333333332
chunked-closed-loop,closed-loop,,16,baseline,metrics.throughput.output_tokens_per_second,tok/s,3,206.95555555555555,12.951891038820607,1.0
chunked-closed-loop,closed-loop,,16,chunked,metrics.throughput.output_tokens_per_second,tok/s,3,225.9611111111111,8.772262683743158,1.091833995490175
chunked-closed-loop,closed-loop,,4,baseline,metrics.throughput.output_tokens_per_second,tok/s,3,76.06666666666666,2.7088332871880105,1.0
chunked-closed-loop,closed-loop,,4,chunked,metrics.throughput.output_tokens_per_second,tok/s,3,76.4,2.2100779272334354,1.0043821209465382
chunked-closed-loop,closed-loop,,8,baseline,metrics.throughput.output_tokens_per_second,tok/s,3,127.65555555555555,1.1077170383437471,1.0
chunked-closed-loop,closed-loop,,8,chunked,metrics.throughput.output_tokens_per_second,tok/s,3,133.29999999999998,2.321816817350869,1.0442162068065104
eagle-closed-loop,closed-loop,,1,baseline,metrics.throughput.output_tokens_per_second,tok/s,3,25.077777777777776,0.7590808281755669,1.0
eagle-closed-loop,closed-loop,,1,eagle,metrics.throughput.output_tokens_per_second,tok/s,3,41.01111111111111,1.6317452597120037,1.6353566681435536
eagle-closed-loop,closed-loop,,4,baseline,metrics.throughput.output_tokens_per_second,tok/s,3,89.2,2.800000000000002,1.0
eagle-closed-loop,closed-loop,,4,eagle,metrics.throughput.output_tokens_per_second,tok/s,3,153.4,4.9156496123209505,1.7197309417040358
eagle-closed-loop,closed-loop,,8,baseline,metrics.throughput.output_tokens_per_second,tok/s,3,172.35555555555555,0.40734006177385723,1.0
eagle-closed-loop,closed-loop,,8,eagle,metrics.throughput.output_tokens_per_second,tok/s,3,267.39444444444445,11.674406163024264,1.5514118102114491
chunked-closed-loop,closed-loop,,16,baseline,metrics.throughput.total_tokens_per_second,tok/s,3,1690.3333333333333,27.8863367579497,1.0
chunked-closed-loop,closed-loop,,16,chunked,metrics.throughput.total_tokens_per_second,tok/s,3,1740.6277777777777,41.36699346276146,1.0297541576283442
chunked-closed-loop,closed-loop,,4,baseline,metrics.throughput.total_tokens_per_second,tok/s,3,637.8444444444444,134.9613991453084,1.0
chunked-closed-loop,closed-loop,,4,chunked,metrics.throughput.total_tokens_per_second,tok/s,3,638.1777777777777,135.78283860362933,1.0005225934571298
chunked-closed-loop,closed-loop,,8,baseline,metrics.throughput.total_tokens_per_second,tok/s,3,1118.2333333333333,74.86018820292774,1.0
chunked-closed-loop,closed-loop,,8,chunked,metrics.throughput.total_tokens_per_second,tok/s,3,1172.9444444444443,35.819936772283185,1.0489263818920718
eagle-closed-loop,closed-loop,,1,baseline,metrics.throughput.total_tokens_per_second,tok/s,3,49.25555555555555,3.2122306775706413,1.0
eagle-closed-loop,closed-loop,,1,eagle,metrics.throughput.total_tokens_per_second,tok/s,3,82.25555555555556,4.021654349108548,1.6699751861042185
eagle-closed-loop,closed-loop,,4,baseline,metrics.throughput.total_tokens_per_second,tok/s,3,174.53333333333333,2.799999999999991,1.0
eagle-closed-loop,closed-loop,,4,eagle,metrics.throughput.total_tokens_per_second,tok/s,3,308.4222222222222,11.32669331629851,1.7671250318309142
eagle-closed-loop,closed-loop,,8,baseline,metrics.throughput.total_tokens_per_second,tok/s,3,343.02222222222224,0.4073400617738293,1.0
eagle-closed-loop,closed-loop,,8,eagle,metrics.throughput.total_tokens_per_second,tok/s,3,529.0833333333334,26.55880791334163,1.5424170769629437
chunked-closed-loop,closed-loop,,16,baseline,metrics.goodput.requests_per_second,req/s,3,1.3055555555555556,0.034694433324435545,1.0
chunked-closed-loop,closed-loop,,16,chunked,metrics.goodput.requests_per_second,req/s,3,1.4,0.0577350269189625,1.0723404255319149
chunked-closed-loop,closed-loop,,4,baseline,metrics.goodput.requests_per_second,req/s,3,0.5333333333333333,0.0,1.0
chunked-closed-loop,closed-loop,,4,chunked,metrics.goodput.requests_per_second,req/s,3,0.5333333333333333,0.0,1.0
chunked-closed-loop,closed-loop,,8,baseline,metrics.goodput.requests_per_second,req/s,3,0.888888888888889,0.07698003589195009,1.0
chunked-closed-loop,closed-loop,,8,chunked,metrics.goodput.requests_per_second,req/s,3,0.9277777777777778,0.009622504486493794,1.04375
eagle-closed-loop,closed-loop,,1,baseline,metrics.goodput.requests_per_second,req/s,3,0.07777777777777778,0.00962250448649376,1.0
eagle-closed-loop,closed-loop,,1,eagle,metrics.goodput.requests_per_second,req/s,3,0.14444444444444443,0.00962250448649376,1.857142857142857
eagle-closed-loop,closed-loop,,4,baseline,metrics.goodput.requests_per_second,req/s,3,0.26666666666666666,0.0,1.0
eagle-closed-loop,closed-loop,,4,eagle,metrics.goodput.requests_per_second,req/s,3,0.5388888888888889,0.025458753860865747,2.0208333333333335
eagle-closed-loop,closed-loop,,8,baseline,metrics.goodput.requests_per_second,req/s,3,0.5333333333333333,0.0,1.0
eagle-closed-loop,closed-loop,,8,eagle,metrics.goodput.requests_per_second,req/s,3,0.8888888888888888,0.05853140973807073,1.6666666666666665
chunked-closed-loop,closed-loop,,16,baseline,metrics.latency.overall.ttft.p50,ms,3,2225.40852210174,498.3675581656351,1.0
chunked-closed-loop,closed-loop,,16,chunked,metrics.latency.overall.ttft.p50,ms,3,569.5064396907886,657.4196089039588,0.255910963777981
chunked-closed-loop,closed-loop,,4,baseline,metrics.latency.overall.ttft.p50,ms,3,444.80038216958445,557.5612134750464,1.0
chunked-closed-loop,closed-loop,,4,chunked,metrics.latency.overall.ttft.p50,ms,3,124.18094867219527,9.961175440224562,0.2791835476095659
chunked-closed-loop,closed-loop,,8,baseline,metrics.latency.overall.ttft.p50,ms,3,927.3035566632947,592.8416435582727,1.0
chunked-closed-loop,closed-loop,,8,chunked,metrics.latency.overall.ttft.p50,ms,3,807.6309791455666,584.6388324676299,0.8709456286910572
eagle-closed-loop,closed-loop,,1,baseline,metrics.latency.overall.ttft.p50,ms,3,68.60457671185334,0.9508304085197214,1.0
eagle-closed-loop,closed-loop,,1,eagle,metrics.latency.overall.ttft.p50,ms,3,74.38277018566926,0.35126369719668515,1.0842246064440417
eagle-closed-loop,closed-loop,,4,baseline,metrics.latency.overall.ttft.p50,ms,3,235.74677978952727,0.8307586334536294,1.0
eagle-closed-loop,closed-loop,,4,eagle,metrics.latency.overall.ttft.p50,ms,3,75.15326794236898,0.23749399754311842,0.31878809971217925
eagle-closed-loop,closed-loop,,8,baseline,metrics.latency.overall.ttft.p50,ms,3,433.4549658621351,2.2224354643917943,1.0
eagle-closed-loop,closed-loop,,8,eagle,metrics.latency.overall.ttft.p50,ms,3,76.66255657871564,1.2962233824960558,0.1768639480833609
chunked-closed-loop,closed-loop,,16,baseline,metrics.latency.overall.ttft.p99,ms,3,5117.048623897131,1102.3314447200519,1.0
chunked-closed-loop,closed-loop,,16,chunked,metrics.latency.overall.ttft.p99,ms,3,4074.9153551210975,535.2849791246305,0.7963409485872058
chunked-closed-loop,closed-loop,,4,baseline,metrics.latency.overall.ttft.p99,ms,3,2849.4339267909536,474.7718131076917,1.0
chunked-closed-loop,closed-loop,,4,chunked,metrics.latency.overall.ttft.p99,ms,3,2278.007801988473,128.55203671770388,0.7994597735957951
chunked-closed-loop,closed-loop,,8,baseline,metrics.latency.overall.ttft.p99,ms,3,4000.4921033854303,215.8666538179192,1.0
chunked-closed-loop,closed-loop,,8,chunked,metrics.latency.overall.ttft.p99,ms,3,3749.59358311569,527.0591315872653,0.9372830857340234
eagle-closed-loop,closed-loop,,1,baseline,metrics.latency.overall.ttft.p99,ms,3,70.17985507845879,1.8227235506293467,1.0
eagle-closed-loop,closed-loop,,1,eagle,metrics.latency.overall.ttft.p99,ms,3,74.93515961493054,0.43245624123698045,1.067758825251997
eagle-closed-loop,closed-loop,,4,baseline,metrics.latency.overall.ttft.p99,ms,3,236.5348618788024,0.9109045656061199,1.0
eagle-closed-loop,closed-loop,,4,eagle,metrics.latency.overall.ttft.p99,ms,3,95.37213812892637,33.69927839314787,0.40320541915632674
eagle-closed-loop,closed-loop,,8,baseline,metrics.latency.overall.ttft.p99,ms,3,439.6937707314888,5.046675342894152,1.0
eagle-closed-loop,closed-loop,,8,eagle,metrics.latency.overall.ttft.p99,ms,3,119.28102038800716,35.06347181179751,0.27128203383360966
chunked-closed-loop,closed-loop,,16,baseline,metrics.latency.overall.tpot.p50,ms,3,58.90788300955311,4.9132967969533805,1.0
chunked-closed-loop,closed-loop,,16,chunked,metrics.latency.overall.tpot.p50,ms,3,63.54027483710075,2.879379772592098,1.078637893451313
chunked-closed-loop,closed-loop,,4,baseline,metrics.latency.overall.tpot.p50,ms,3,44.029717120950615,0.25724204642784065,1.0
chunked-closed-loop,closed-loop,,4,chunked,metrics.latency.overall.tpot.p50,ms,3,48.125942557893715,2.523209804451239,1.0930331990480584
chunked-closed-loop,closed-loop,,8,baseline,metrics.latency.overall.tpot.p50,ms,3,50.824884733483394,4.611755324741145,1.0
chunked-closed-loop,closed-loop,,8,chunked,metrics.latency.overall.tpot.p50,ms,3,52.25227631413405,0.9129318837777737,1.0280845020728653
eagle-closed-loop,closed-loop,,1,baseline,metrics.latency.overall.tpot.p50,ms,3,39.845232266226624,1.3516482709302735,1.0
eagle-closed-loop,closed-loop,,1,eagle,metrics.latency.overall.tpot.p50,ms,3,21.11133036806303,2.9138645196325106,0.5298332866278028
eagle-closed-loop,closed-loop,,4,baseline,metrics.latency.overall.tpot.p50,ms,3,44.13066367235254,1.4793789039892855,1.0
eagle-closed-loop,closed-loop,,4,eagle,metrics.latency.overall.tpot.p50,ms,3,21.405538645104254,0.5618718777883153,0.4850490988313559
eagle-closed-loop,closed-loop,,8,baseline,metrics.latency.overall.tpot.p50,ms,3,44.82526545796324,0.1011284387489487,1.0
eagle-closed-loop,closed-loop,,8,eagle,metrics.latency.overall.tpot.p50,ms,3,25.12034821305789,0.768456324530637,0.5604060111281559
chunked-closed-loop,closed-loop,,16,baseline,metrics.latency.overall.tpot.p99,ms,3,85.8950002052457,5.922122611292206,1.0
chunked-closed-loop,closed-loop,,16,chunked,metrics.latency.overall.tpot.p99,ms,3,80.50573599287688,5.267488135633287,0.9372575330404425
chunked-closed-loop,closed-loop,,4,baseline,metrics.latency.overall.tpot.p99,ms,3,59.15931266818068,4.523618761074365,1.0
chunked-closed-loop,closed-loop,,4,chunked,metrics.latency.overall.tpot.p99,ms,3,55.89066160295227,3.3332764938148762,0.9447483258711611
chunked-closed-loop,closed-loop,,8,baseline,metrics.latency.overall.tpot.p99,ms,3,76.72850139419552,4.6928329660531025,1.0
chunked-closed-loop,closed-loop,,8,chunked,metrics.latency.overall.tpot.p99,ms,3,68.9471362552696,3.1099993145431184,0.8985857276300906
eagle-closed-loop,closed-loop,,1,baseline,metrics.latency.overall.tpot.p99,ms,3,40.10443990326979,1.402173076979104,1.0
eagle-closed-loop,closed-loop,,1,eagle,metrics.latency.overall.tpot.p99,ms,3,37.21484798351242,6.748812690513264,0.927948328745472
eagle-closed-loop,closed-loop,,4,baseline,metrics.latency.overall.tpot.p99,ms,3,44.31740425624489,1.3927845323487404,1.0
eagle-closed-loop,closed-loop,,4,eagle,metrics.latency.overall.tpot.p99,ms,3,56.56577996561439,2.1839346341107473,1.276378454806354
eagle-closed-loop,closed-loop,,8,baseline,metrics.latency.overall.tpot.p99,ms,3,44.98291686420737,0.08353910664431313,1.0
eagle-closed-loop,closed-loop,,8,eagle,metrics.latency.overall.tpot.p99,ms,3,66.01547967294363,6.565864374841588,1.4675677851711688
chunked-closed-loop,closed-loop,,16,baseline,metrics.latency.overall.burst_itl.p50,ms,3,44.7115587691466,0.2110094382687483,1.0
chunked-closed-loop,closed-loop,,16,chunked,metrics.latency.overall.burst_itl.p50,ms,3,44.061750173568726,0.3798920071602721,0.9854666530654199
chunked-closed-loop,closed-loop,,4,baseline,metrics.latency.overall.burst_itl.p50,ms,3,43.570274176696934,0.6748308613483524,1.0
chunked-closed-loop,closed-loop,,4,chunked,metrics.latency.overall.burst_itl.p50,ms,3,44.88415333131949,0.8338215049136465,1.030155402495155
chunked-closed-loop,closed-loop,,8,baseline,metrics.latency.overall.burst_itl.p50,ms,3,44.105853574971356,0.5425197436870604,1.0
chunked-closed-loop,closed-loop,,8,chunked,metrics.latency.overall.burst_itl.p50,ms,3,44.33356784284115,0.7004110949948228,1.0051629035470933
eagle-closed-loop,closed-loop,,1,baseline,metrics.latency.overall.burst_itl.p50,ms,3,39.81340955942869,1.2954372828576344,1.0
eagle-closed-loop,closed-loop,,1,eagle,metrics.latency.overall.burst_itl.p50,ms,3,0.0,0.0,0.0
eagle-closed-loop,closed-loop,,4,baseline,metrics.latency.overall.burst_itl.p50,ms,3,44.09243818372488,1.4679890452392037,1.0
eagle-closed-loop,closed-loop,,4,eagle,metrics.latency.overall.burst_itl.p50,ms,3,0.0,0.0,0.0
eagle-closed-loop,closed-loop,,8,baseline,metrics.latency.overall.burst_itl.p50,ms,3,44.79140788316727,0.13834585777015782,1.0
eagle-closed-loop,closed-loop,,8,eagle,metrics.latency.overall.burst_itl.p50,ms,3,0.0,0.0,0.0
chunked-closed-loop,closed-loop,,16,baseline,metrics.latency.overall.burst_itl.p99,ms,3,47.436329846580826,0.3556892844120933,1.0
chunked-closed-loop,closed-loop,,16,chunked,metrics.latency.overall.burst_itl.p99,ms,3,171.14069188634554,4.677089618795773,3.6077979143802
chunked-closed-loop,closed-loop,,4,baseline,metrics.latency.overall.burst_itl.p99,ms,3,46.60557957366108,0.32459719379199875,1.0
chunked-closed-loop,closed-loop,,4,chunked,metrics.latency.overall.burst_itl.p99,ms,3,149.39886054644975,10.759620683979678,3.2056003146645087
chunked-closed-loop,closed-loop,,8,baseline,metrics.latency.overall.burst_itl.p99,ms,3,47.20304844280084,0.6707744251037604,1.0
chunked-closed-loop,closed-loop,,8,chunked,metrics.latency.overall.burst_itl.p99,ms,3,161.5155902815362,4.952856808189159,3.4217194780810747
eagle-closed-loop,closed-loop,,1,baseline,metrics.latency.overall.burst_itl.p99,ms,3,41.32655535514155,2.037199385508534,1.0
eagle-closed-loop,closed-loop,,1,eagle,metrics.latency.overall.burst_itl.p99,ms,3,58.481382379929215,1.0207208552586204,1.415104207872321
eagle-closed-loop,closed-loop,,4,baseline,metrics.latency.overall.burst_itl.p99,ms,3,45.483946800231934,1.6792076866979808,1.0
eagle-closed-loop,closed-loop,,4,eagle,metrics.latency.overall.burst_itl.p99,ms,3,175.1241677751144,1.039928323359093,3.8502412410310307
eagle-closed-loop,closed-loop,,8,baseline,metrics.latency.overall.burst_itl.p99,ms,3,46.342081700762115,0.26349949309668075,1.0
eagle-closed-loop,closed-loop,,8,eagle,metrics.latency.overall.burst_itl.p99,ms,3,183.20739393432936,4.192740162651682,3.9533699654954524
chunked-closed-loop,closed-loop,,16,baseline,metrics.latency.overall.output_event_latency.p50,ms,3,44.7115587691466,0.2110094382687483,1.0
chunked-closed-loop,closed-loop,,16,chunked,metrics.latency.overall.output_event_latency.p50,ms,3,44.061750173568726,0.3798920071602721,0.9854666530654199
chunked-closed-loop,closed-loop,,4,baseline,metrics.latency.overall.output_event_latency.p50,ms,3,43.570274176696934,0.6748308613483524,1.0
chunked-closed-loop,closed-loop,,4,chunked,metrics.latency.overall.output_event_latency.p50,ms,3,44.88415333131949,0.8338215049136465,1.030155402495155
chunked-closed-loop,closed-loop,,8,baseline,metrics.latency.overall.output_event_latency.p50,ms,3,44.105853574971356,0.5425197436870604,1.0
chunked-closed-loop,closed-loop,,8,chunked,metrics.latency.overall.output_event_latency.p50,ms,3,44.33356784284115,0.7004110949948228,1.0051629035470933
eagle-closed-loop,closed-loop,,1,baseline,metrics.latency.overall.output_event_latency.p50,ms,3,39.81340955942869,1.2954372828576344,1.0
eagle-closed-loop,closed-loop,,1,eagle,metrics.latency.overall.output_event_latency.p50,ms,3,56.387959669033684,0.9870711705897496,1.4163057194301454
eagle-closed-loop,closed-loop,,4,baseline,metrics.latency.overall.output_event_latency.p50,ms,3,44.09243818372488,1.4679890452392037,1.0
eagle-closed-loop,closed-loop,,4,eagle,metrics.latency.overall.output_event_latency.p50,ms,3,59.53687243163586,0.8222624396302267,1.3502739899199252
eagle-closed-loop,closed-loop,,8,baseline,metrics.latency.overall.output_event_latency.p50,ms,3,44.79140788316727,0.13834585777015782,1.0
eagle-closed-loop,closed-loop,,8,eagle,metrics.latency.overall.output_event_latency.p50,ms,3,62.98359607656797,3.0954460938540103,1.4061535248200443
chunked-closed-loop,closed-loop,,16,baseline,metrics.latency.overall.output_event_latency.p99,ms,3,47.436329846580826,0.3556892844120933,1.0
chunked-closed-loop,closed-loop,,16,chunked,metrics.latency.overall.output_event_latency.p99,ms,3,171.14069188634554,4.677089618795773,3.6077979143802
chunked-closed-loop,closed-loop,,4,baseline,metrics.latency.overall.output_event_latency.p99,ms,3,46.60557957366108,0.32459719379199875,1.0
chunked-closed-loop,closed-loop,,4,chunked,metrics.latency.overall.output_event_latency.p99,ms,3,149.39886054644975,10.759620683979678,3.2056003146645087
chunked-closed-loop,closed-loop,,8,baseline,metrics.latency.overall.output_event_latency.p99,ms,3,47.20304844280084,0.6707744251037604,1.0
chunked-closed-loop,closed-loop,,8,chunked,metrics.latency.overall.output_event_latency.p99,ms,3,161.5155902815362,4.952856808189159,3.4217194780810747
eagle-closed-loop,closed-loop,,1,baseline,metrics.latency.overall.output_event_latency.p99,ms,3,41.32655535514155,2.037199385508534,1.0
eagle-closed-loop,closed-loop,,1,eagle,metrics.latency.overall.output_event_latency.p99,ms,3,65.60201514512339,5.874581772019235,1.5874058358208087
eagle-closed-loop,closed-loop,,4,baseline,metrics.latency.overall.output_event_latency.p99,ms,3,45.483946800231934,1.6792076866979808,1.0
eagle-closed-loop,closed-loop,,4,eagle,metrics.latency.overall.output_event_latency.p99,ms,3,176.70748728637892,1.4580131733919948,3.885051753808617
eagle-closed-loop,closed-loop,,8,baseline,metrics.latency.overall.output_event_latency.p99,ms,3,46.342081700762115,0.26349949309668075,1.0
eagle-closed-loop,closed-loop,,8,eagle,metrics.latency.overall.output_event_latency.p99,ms,3,185.58536718289056,3.0147701686014763,4.004683440447142
eagle-closed-loop,closed-loop,,1,eagle,metrics.latency.overall.speculative_step_latency.p50,ms,3,56.34719071288904,0.9856447185603313,
eagle-closed-loop,closed-loop,,4,eagle,metrics.latency.overall.speculative_step_latency.p50,ms,3,59.46595035493374,0.8153976955493973,
eagle-closed-loop,closed-loop,,8,eagle,metrics.latency.overall.speculative_step_latency.p50,ms,3,62.882419054706894,3.0912524075323042,
eagle-closed-loop,closed-loop,,1,eagle,metrics.latency.overall.speculative_step_latency.p99,ms,3,65.56423308327832,5.881768657763182,
eagle-closed-loop,closed-loop,,4,eagle,metrics.latency.overall.speculative_step_latency.p99,ms,3,101.49945753316085,1.3585217403670538,
eagle-closed-loop,closed-loop,,8,eagle,metrics.latency.overall.speculative_step_latency.p99,ms,3,108.12282102182506,4.460621288671105,
chunked-closed-loop,closed-loop,,16,baseline,metrics.latency.overall.e2e.p50,ms,3,10108.234206524989,505.8523050391595,1.0
chunked-closed-loop,closed-loop,,16,chunked,metrics.latency.overall.e2e.p50,ms,3,9365.147266536951,494.94493912033283,0.9264869684649406
chunked-closed-loop,closed-loop,,4,baseline,metrics.latency.overall.e2e.p50,ms,3,6604.257660917938,274.25838124918107,1.0
chunked-closed-loop,closed-loop,,4,chunked,metrics.latency.overall.e2e.p50,ms,3,6501.888649538159,189.92770043978746,0.9844995430772533
chunked-closed-loop,closed-loop,,8,baseline,metrics.latency.overall.e2e.p50,ms,3,7925.32104657342,276.680971835023,1.0
chunked-closed-loop,closed-loop,,8,chunked,metrics.latency.overall.e2e.p50,ms,3,7581.030545756221,184.9262498617083,0.9565581635376076
eagle-closed-loop,closed-loop,,1,baseline,metrics.latency.overall.e2e.p50,ms,3,10229.59197126329,345.44990946686556,1.0
eagle-closed-loop,closed-loop,,1,eagle,metrics.latency.overall.e2e.p50,ms,3,5457.809207650523,742.7055660018218,0.533531466649155
eagle-closed-loop,closed-loop,,4,baseline,metrics.latency.overall.e2e.p50,ms,3,11488.817298163971,376.17246247866245,1.0
eagle-closed-loop,closed-loop,,4,eagle,metrics.latency.overall.e2e.p50,ms,3,5533.317601929109,143.36292256411934,0.48162639010835245
eagle-closed-loop,closed-loop,,8,baseline,metrics.latency.overall.e2e.p50,ms,3,11863.934205844998,23.43314888264756,1.0
eagle-closed-loop,closed-loop,,8,eagle,metrics.latency.overall.e2e.p50,ms,3,6482.376389515896,194.34965556147318,0.5463934877793091
chunked-closed-loop,closed-loop,,16,baseline,metrics.latency.overall.e2e.p99,ms,3,11367.809376039853,1355.6052358293728,1.0
chunked-closed-loop,closed-loop,,16,chunked,metrics.latency.overall.e2e.p99,ms,3,12478.78933046634,1423.4752173243746,1.0977303469539277
chunked-closed-loop,closed-loop,,4,baseline,metrics.latency.overall.e2e.p99,ms,3,8595.900615068773,559.9776679779638,1.0
chunked-closed-loop,closed-loop,,4,chunked,metrics.latency.overall.e2e.p99,ms,3,8808.518187043568,716.4493784973934,1.0247347638712891
chunked-closed-loop,closed-loop,,8,baseline,metrics.latency.overall.e2e.p99,ms,3,10013.728422454247,542.744245824128,1.0
chunked-closed-loop,closed-loop,,8,chunked,metrics.latency.overall.e2e.p99,ms,3,11414.499680865558,124.81675103101975,1.1398850856859966
eagle-closed-loop,closed-loop,,1,baseline,metrics.latency.overall.e2e.p99,ms,3,10295.947257460406,356.9384468437152,1.0
eagle-closed-loop,closed-loop,,1,eagle,metrics.latency.overall.e2e.p99,ms,3,9564.228674496213,1720.5376162662553,0.9289313975036155
eagle-closed-loop,closed-loop,,4,baseline,metrics.latency.overall.e2e.p99,ms,3,11536.882820446044,354.5677417274915,1.0
eagle-closed-loop,closed-loop,,4,eagle,metrics.latency.overall.e2e.p99,ms,3,14499.436324257407,557.257158731682,1.2567897715456577
eagle-closed-loop,closed-loop,,8,baseline,metrics.latency.overall.e2e.p99,ms,3,11908.059547822922,21.06540656521075,1.0
eagle-closed-loop,closed-loop,,8,eagle,metrics.latency.overall.e2e.p99,ms,3,16921.556735429906,1656.8825384173927,1.4210171411616404
chunked-closed-loop,closed-loop,,16,baseline,metrics.latency.short.ttft.p50,ms,3,2147.735377152761,546.1087614779946,1.0
chunked-closed-loop,closed-loop,,16,chunked,metrics.latency.short.ttft.p50,ms,3,492.75244182596606,611.4780475338279,0.22942884261617222
chunked-closed-loop,closed-loop,,4,baseline,metrics.latency.short.ttft.p50,ms,3,120.63622567802668,0.8255274500360467,1.0
chunked-closed-loop,closed-loop,,4,chunked,metrics.latency.short.ttft.p50,ms,3,117.21945026268561,8.45620890743144,0.9716770365109042
chunked-closed-loop,closed-loop,,8,baseline,metrics.latency.short.ttft.p50,ms,3,924.4989439224204,597.5903626942525,1.0
chunked-closed-loop,closed-loop,,8,chunked,metrics.latency.short.ttft.p50,ms,3,128.70088716348013,8.153169902091049,0.13921150263020757
chunked-closed-loop,closed-loop,,16,baseline,metrics.latency.short.ttft.p99,ms,3,4559.854120494177,584.6258756554689,1.0
chunked-closed-loop,closed-loop,,16,chunked,metrics.latency.short.ttft.p99,ms,3,3776.445854815346,820.0643423158778,0.8281944454850393
chunked-closed-loop,closed-loop,,4,baseline,metrics.latency.short.ttft.p99,ms,3,1819.6299859260519,512.604392461806,1.0
chunked-closed-loop,closed-loop,,4,chunked,metrics.latency.short.ttft.p99,ms,3,1460.3213765968874,440.16122083438637,0.8025375421881147
chunked-closed-loop,closed-loop,,8,baseline,metrics.latency.short.ttft.p99,ms,3,3155.7533086774242,564.7863669794262,1.0
chunked-closed-loop,closed-loop,,8,chunked,metrics.latency.short.ttft.p99,ms,3,2492.5598316018795,367.93778729153496,0.7898462230073716
chunked-closed-loop,closed-loop,,16,baseline,metrics.latency.short.tpot.p50,ms,3,59.06327462356704,5.054603947356335,1.0
chunked-closed-loop,closed-loop,,16,chunked,metrics.latency.short.tpot.p50,ms,3,63.138008166564106,2.996474617585611,1.0689892927367626
chunked-closed-loop,closed-loop,,4,baseline,metrics.latency.short.tpot.p50,ms,3,43.665053464687404,0.6727908198989244,1.0
chunked-closed-loop,closed-loop,,4,chunked,metrics.latency.short.tpot.p50,ms,3,47.12297489470619,3.2522017460609955,1.0791919660150024
chunked-closed-loop,closed-loop,,8,baseline,metrics.latency.short.tpot.p50,ms,3,50.85019193824351,5.173822924264429,1.0
chunked-closed-loop,closed-loop,,8,chunked,metrics.latency.short.tpot.p50,ms,3,52.01130490163415,0.8092695381318235,1.0228339937202358
chunked-closed-loop,closed-loop,,16,baseline,metrics.latency.short.tpot.p99,ms,3,84.22580424231766,3.0634952240667936,1.0
chunked-closed-loop,closed-loop,,16,chunked,metrics.latency.short.tpot.p99,ms,3,80.29477488557536,5.114074024695304,0.9533274939657124
chunked-closed-loop,closed-loop,,4,baseline,metrics.latency.short.tpot.p99,ms,3,59.08199947630483,4.607485377199787,1.0
chunked-closed-loop,closed-loop,,4,chunked,metrics.latency.short.tpot.p99,ms,3,55.80633822114762,3.2369469868570264,0.9445573730714558
chunked-closed-loop,closed-loop,,8,baseline,metrics.latency.short.tpot.p99,ms,3,77.12351340976522,4.486563126929342,1.0
chunked-closed-loop,closed-loop,,8,chunked,metrics.latency.short.tpot.p99,ms,3,68.96358227274159,3.0880345517728647,0.8941965844622628
chunked-closed-loop,closed-loop,,16,baseline,metrics.latency.short.e2e.p50,ms,3,10107.407757081091,505.34666277215,1.0
chunked-closed-loop,closed-loop,,16,chunked,metrics.latency.short.e2e.p50,ms,3,9256.816251824299,488.18941282621404,0.9158447422227641
chunked-closed-loop,closed-loop,,4,baseline,metrics.latency.short.e2e.p50,ms,3,6219.968101941049,447.1555817953526,1.0
chunked-closed-loop,closed-loop,,4,chunked,metrics.latency.short.e2e.p50,ms,3,6094.894704098503,449.46018792174124,0.9798916335594205
chunked-closed-loop,closed-loop,,8,baseline,metrics.latency.short.e2e.p50,ms,3,7227.450512039165,269.97603842053985,1.0
chunked-closed-loop,closed-loop,,8,chunked,metrics.latency.short.e2e.p50,ms,3,7305.557856025795,420.3597133295712,1.0108070396132802
chunked-closed-loop,closed-loop,,16,baseline,metrics.latency.short.e2e.p99,ms,3,11367.073977595815,1354.2994030352263,1.0
chunked-closed-loop,closed-loop,,16,chunked,metrics.latency.short.e2e.p99,ms,3,11727.008742659042,590.1643426037866,1.031664680442183
chunked-closed-loop,closed-loop,,4,baseline,metrics.latency.short.e2e.p99,ms,3,8445.084204537174,430.30776601364926,1.0
chunked-closed-loop,closed-loop,,4,chunked,metrics.latency.short.e2e.p99,ms,3,7739.779266677797,239.2970690241574,0.9164833741408467
chunked-closed-loop,closed-loop,,8,baseline,metrics.latency.short.e2e.p99,ms,3,10013.564937897027,543.319834305543,1.0
chunked-closed-loop,closed-loop,,8,chunked,metrics.latency.short.e2e.p99,ms,3,9917.223861006401,134.9616131328549,0.9903789432147171
chunked-closed-loop,closed-loop,,16,baseline,metrics.latency.long.ttft.p50,ms,3,2644.40333036085,293.39571297016704,1.0
chunked-closed-loop,closed-loop,,16,chunked,metrics.latency.long.ttft.p50,ms,3,1405.8949189881484,39.29709433890759,0.5316492014840651
chunked-closed-loop,closed-loop,,4,baseline,metrics.latency.long.ttft.p50,ms,3,1201.980738590161,38.75327013006763,1.0
chunked-closed-loop,closed-loop,,4,chunked,metrics.latency.long.ttft.p50,ms,3,1251.0948767885566,24.647770013294792,1.0408610026946046
chunked-closed-loop,closed-loop,,8,baseline,metrics.latency.long.ttft.p50,ms,3,1831.5989840775728,417.28784665855426,1.0
chunked-closed-loop,closed-loop,,8,chunked,metrics.latency.long.ttft.p50,ms,3,1340.6138668457668,65.2551052658602,0.7319363455101089
chunked-closed-loop,closed-loop,,16,baseline,metrics.latency.long.ttft.p99,ms,3,5543.257312513887,1256.643307075431,1.0
chunked-closed-loop,closed-loop,,16,chunked,metrics.latency.long.ttft.p99,ms,3,4135.693248429646,811.3982913593484,0.7460763618339222
chunked-closed-loop,closed-loop,,4,baseline,metrics.latency.long.ttft.p99,ms,3,2980.3500420910614,652.590426386126,1.0
chunked-closed-loop,closed-loop,,4,chunked,metrics.latency.long.ttft.p99,ms,3,2351.634326161196,131.98855896432852,0.7890463512504899
chunked-closed-loop,closed-loop,,8,baseline,metrics.latency.long.ttft.p99,ms,3,4268.414741847664,525.8701106157815,1.0
chunked-closed-loop,closed-loop,,8,chunked,metrics.latency.long.ttft.p99,ms,3,4211.442251360665,578.801366866625,0.9866525410643818
chunked-closed-loop,closed-loop,,16,baseline,metrics.latency.long.tpot.p50,ms,3,57.33838526096948,1.8826884509521438,1.0
chunked-closed-loop,closed-loop,,16,chunked,metrics.latency.long.tpot.p50,ms,3,65.3566357256781,3.390980145030648,1.1398408836979699
chunked-closed-loop,closed-loop,,4,baseline,metrics.latency.long.tpot.p50,ms,3,44.77378610873551,0.2664796531150724,1.0
chunked-closed-loop,closed-loop,,4,chunked,metrics.latency.long.tpot.p50,ms,3,49.37842726619459,2.7521995416875544,1.1028423449890181
chunked-closed-loop,closed-loop,,8,baseline,metrics.latency.long.tpot.p50,ms,3,49.61559275932747,3.6127233054888714,1.0
chunked-closed-loop,closed-loop,,8,chunked,metrics.latency.long.tpot.p50,ms,3,55.64949492095258,3.539039430979051,1.1216130217549556
chunked-closed-loop,closed-loop,,16,baseline,metrics.latency.long.tpot.p99,ms,3,79.32659815918663,10.357282590126138,1.0
chunked-closed-loop,closed-loop,,16,chunked,metrics.latency.long.tpot.p99,ms,3,80.17956129419484,5.84134278808619,1.0107525490163658
chunked-closed-loop,closed-loop,,4,baseline,metrics.latency.long.tpot.p99,ms,3,58.511053364714144,4.224711596422217,1.0
chunked-closed-loop,closed-loop,,4,chunked,metrics.latency.long.tpot.p99,ms,3,55.412767726165335,3.397425042628992,0.9470478574494905
chunked-closed-loop,closed-loop,,8,baseline,metrics.latency.long.tpot.p99,ms,3,68.59796463294332,3.805885209399139,1.0
chunked-closed-loop,closed-loop,,8,chunked,metrics.latency.long.tpot.p99,ms,3,65.77861413105423,1.7206152648358592,0.9589003767535235
chunked-closed-loop,closed-loop,,16,baseline,metrics.latency.long.e2e.p50,ms,3,10209.856220521033,591.4171732731479,1.0
chunked-closed-loop,closed-loop,,16,chunked,metrics.latency.long.e2e.p50,ms,3,10291.437766204277,298.4095195571827,1.007990469593418
chunked-closed-loop,closed-loop,,4,baseline,metrics.latency.long.e2e.p50,ms,3,7567.944585656126,592.2116205681814,1.0
chunked-closed-loop,closed-loop,,4,chunked,metrics.latency.long.e2e.p50,ms,3,7581.179289457698,418.62552377701246,1.0017487844489052
chunked-closed-loop,closed-loop,,8,baseline,metrics.latency.long.e2e.p50,ms,3,9009.694963383177,272.8049346996208,1.0
chunked-closed-loop,closed-loop,,8,chunked,metrics.latency.long.e2e.p50,ms,3,8619.808017897109,279.03609619378625,0.9567258439857697
chunked-closed-loop,closed-loop,,16,baseline,metrics.latency.long.e2e.p99,ms,3,11364.64677185441,1357.805678291739,1.0
chunked-closed-loop,closed-loop,,16,chunked,metrics.latency.long.e2e.p99,ms,3,12619.933399564276,1567.1142198746543,1.1104554019944288
chunked-closed-loop,closed-loop,,4,baseline,metrics.latency.long.e2e.p99,ms,3,8595.706079720208,559.9015646188252,1.0
chunked-closed-loop,closed-loop,,4,chunked,metrics.latency.long.e2e.p99,ms,3,8939.260572940111,868.2169821523715,1.0399681527071347
chunked-closed-loop,closed-loop,,8,baseline,metrics.latency.long.e2e.p99,ms,3,10010.828934814781,541.9586074631393,1.0
chunked-closed-loop,closed-loop,,8,chunked,metrics.latency.long.e2e.p99,ms,3,11801.258521104854,290.4232373658535,1.178849283905299
eagle-closed-loop,closed-loop,,1,eagle,metrics.speculative.acceptance_rate,ratio,3,0.4613154678430077,0.08391326128635365,
eagle-closed-loop,closed-loop,,4,eagle,metrics.speculative.acceptance_rate,ratio,3,0.5139891344805524,0.03674574008906677,
eagle-closed-loop,closed-loop,,8,eagle,metrics.speculative.acceptance_rate,ratio,3,0.5005982053700178,0.02867603203727013,
eagle-closed-loop,closed-loop,,1,eagle,metrics.speculative.acceptance_length,tokens/step,3,2.386178398843863,0.25357201671559215,
eagle-closed-loop,closed-loop,,4,eagle,metrics.speculative.acceptance_length,tokens/step,3,2.5419694753506334,0.11191329412570564,
eagle-closed-loop,closed-loop,,8,eagle,metrics.speculative.acceptance_length,tokens/step,3,2.502023321711265,0.08635102930300284,
chunked-closed-loop,closed-loop,,16,baseline,metrics.scheduled_batch_size.mean,requests,3,13.07336462090477,0.34699482583941355,1.0
chunked-closed-loop,closed-loop,,16,chunked,metrics.scheduled_batch_size.mean,requests,3,15.499914418305021,0.16485710924899144,1.1856101981214624
chunked-closed-loop,closed-loop,,4,baseline,metrics.scheduled_batch_size.mean,requests,3,3.818441462906015,0.04876426575046231,1.0
chunked-closed-loop,closed-loop,,4,chunked,metrics.scheduled_batch_size.mean,requests,3,3.966847534022987,0.009617366571184043,1.0388656137742722
chunked-closed-loop,closed-loop,,8,baseline,metrics.scheduled_batch_size.mean,requests,3,7.169358045850884,0.016086765934076208,1.0
chunked-closed-loop,closed-loop,,8,chunked,metrics.scheduled_batch_size.mean,requests,3,7.826812881760946,0.03433523360570988,1.0917034456509744
eagle-closed-loop,closed-loop,,1,baseline,metrics.scheduled_batch_size.mean,requests,3,1.0,0.0,1.0
eagle-closed-loop,closed-loop,,1,eagle,metrics.scheduled_batch_size.mean,requests,3,1.0,0.0,1.0
eagle-closed-loop,closed-loop,,4,baseline,metrics.scheduled_batch_size.mean,requests,3,4.0,0.0,1.0
eagle-closed-loop,closed-loop,,4,eagle,metrics.scheduled_batch_size.mean,requests,3,3.8898352315434863,0.002221938801402412,0.9724588078858716
eagle-closed-loop,closed-loop,,8,baseline,metrics.scheduled_batch_size.mean,requests,3,8.0,0.0,1.0
eagle-closed-loop,closed-loop,,8,eagle,metrics.scheduled_batch_size.mean,requests,3,7.531856408162508,0.011707356707275081,0.9414820510203135
eagle-closed-loop,closed-loop,,1,eagle,metrics.speculative_batch_size.mean,requests,3,1.0,0.0,
eagle-closed-loop,closed-loop,,4,eagle,metrics.speculative_batch_size.mean,requests,3,4.0,0.0,
eagle-closed-loop,closed-loop,,8,eagle,metrics.speculative_batch_size.mean,requests,3,8.0,0.0,
chunked-closed-loop,closed-loop,,16,baseline,metrics.waiting_queue_size.p99,requests,3,15.333333333333334,0.5773502691896257,1.0
chunked-closed-loop,closed-loop,,16,chunked,metrics.waiting_queue_size.p99,requests,3,9.333333333333334,2.516611478423583,0.6086956521739131
chunked-closed-loop,closed-loop,,4,baseline,metrics.waiting_queue_size.p99,requests,3,3.6666666666666665,0.5773502691896257,1.0
chunked-closed-loop,closed-loop,,4,chunked,metrics.waiting_queue_size.p99,requests,3,2.6666666666666665,1.1547005383792515,0.7272727272727273
chunked-closed-loop,closed-loop,,8,baseline,metrics.waiting_queue_size.p99,requests,3,7.333333333333333,1.1547005383792515,1.0
chunked-closed-loop,closed-loop,,8,chunked,metrics.waiting_queue_size.p99,requests,3,5.0,1.0,0.6818181818181819
eagle-closed-loop,closed-loop,,1,baseline,metrics.waiting_queue_size.p99,requests,3,0.0,0.0,
eagle-closed-loop,closed-loop,,1,eagle,metrics.waiting_queue_size.p99,requests,3,0.0,0.0,
eagle-closed-loop,closed-loop,,4,baseline,metrics.waiting_queue_size.p99,requests,3,0.0,0.0,
eagle-closed-loop,closed-loop,,4,eagle,metrics.waiting_queue_size.p99,requests,3,0.0,0.0,
eagle-closed-loop,closed-loop,,8,baseline,metrics.waiting_queue_size.p99,requests,3,0.0,0.0,
eagle-closed-loop,closed-loop,,8,eagle,metrics.waiting_queue_size.p99,requests,3,0.0,0.0,
chunked-closed-loop,closed-loop,,16,baseline,metrics.running_queue_size.p99,requests,3,16.0,0.0,1.0
chunked-closed-loop,closed-loop,,16,chunked,metrics.running_queue_size.p99,requests,3,16.0,0.0,1.0
chunked-closed-loop,closed-loop,,4,baseline,metrics.running_queue_size.p99,requests,3,4.0,0.0,1.0
chunked-closed-loop,closed-loop,,4,chunked,metrics.running_queue_size.p99,requests,3,4.0,0.0,1.0
chunked-closed-loop,closed-loop,,8,baseline,metrics.running_queue_size.p99,requests,3,8.0,0.0,1.0
chunked-closed-loop,closed-loop,,8,chunked,metrics.running_queue_size.p99,requests,3,8.0,0.0,1.0
eagle-closed-loop,closed-loop,,1,baseline,metrics.running_queue_size.p99,requests,3,1.0,0.0,1.0
eagle-closed-loop,closed-loop,,1,eagle,metrics.running_queue_size.p99,requests,3,1.0,0.0,1.0
eagle-closed-loop,closed-loop,,4,baseline,metrics.running_queue_size.p99,requests,3,4.0,0.0,1.0
eagle-closed-loop,closed-loop,,4,eagle,metrics.running_queue_size.p99,requests,3,4.0,0.0,1.0
eagle-closed-loop,closed-loop,,8,baseline,metrics.running_queue_size.p99,requests,3,8.0,0.0,1.0
eagle-closed-loop,closed-loop,,8,eagle,metrics.running_queue_size.p99,requests,3,8.0,0.0,1.0
